<?xml version="1.0" encoding="UTF-8"?>

<Location xmlns="http://hl7.org/fhir">
  <id value="4b863da8-1bb5-4b17-9be2-4ea39b5d3a2a"/>
  <meta>
    <versionId value="1"/>
    <lastUpdated value="2020-07-21T21:43:41.124+00:00"/>
    <source value="#8kCZvAXky7HUqlzZ"/>
    <profile value="http://hl7.org/fhir/us/vrdr/StructureDefinition/VRDR-Injury-Location"/>
  </meta>
  <text>
    <status value="generated"/><div xmlns="http://www.w3.org/1999/xhtml"><p><b>Generated Narrative</b></p><p><b>name</b>: Example Injury Location Name</p><p><b>description</b>: Example Injury Location Description</p><p><b>address</b>: 781 Example Street Line 2 Bedford MA 01730 United States </p></div>
  </text>
  <name value="Example Injury Location Name"/>
  <description value="Example Injury Location Description"/>
  <address>
    <line value="781 Example Street"/>
    <line value="Line 2"/>
    <city value="Bedford"/>
    <district value="Middlesex"/>
    <state value="MA"/>
    <postalCode value="01730"/>
    <country value="United States"/>
  </address>
</Location>