<?xml version="1.0" encoding="UTF-8"?>

<Location xmlns="http://hl7.org/fhir">
  <id value="bbe38248-9a8d-414f-996e-58d5fc9eb800"/>
  <meta>
    <versionId value="1"/>
    <lastUpdated value="2020-07-22T20:39:55.120+00:00"/>
    <source value="#yZiQmsI8g0FQZ7SK"/>
    <profile value="http://hl7.org/fhir/us/vrdr/StructureDefinition/VRDR-Disposition-Location"/>
  </meta>
  <text>
    <status value="generated"/><div xmlns="http://www.w3.org/1999/xhtml"><p><b>Generated Narrative</b></p><p><b>name</b>: Bedford Hospital</p><p><b>type</b>: <span title="Codes: {http://terminology.hl7.org/CodeSystem/v3-RoleCode HOSP}">Hospital</span></p><p><b>address</b>: 603 Example Street Line 2 Bedford MA 01730 United States </p><p><b>physicalType</b>: <span title="Codes: {http://terminology.hl7.org/CodeSystem/location-physical-type bu}">Building</span></p></div>
  </text>
  <name value="Bedford Hospital"/>
  <type>
    <coding>
      <system value="http://terminology.hl7.org/CodeSystem/v3-RoleCode"/>
      <code value="HOSP"/>
      <display value="Hospital"/>
    </coding>
  </type>
  <address>
    <line value="603 Example Street"/>
    <line value="Line 2"/>
    <city value="Bedford"/>
    <district value="Middlesex"/>
    <state value="MA"/>
    <postalCode value="01730"/>
    <country value="United States"/>
  </address>
  <physicalType>
    <coding>
      <system value="http://terminology.hl7.org/CodeSystem/location-physical-type"/>
      <code value="bu"/>
      <display value="Building"/>
    </coding>
  </physicalType>
</Location>