<?xml version="1.0" encoding="UTF-8"?>

<Observation xmlns="http://hl7.org/fhir">
  <id value="b531cbf7-6290-424c-8155-0549c3fb3243"/>
  <meta>
    <versionId value="1"/>
    <lastUpdated value="2020-07-21T05:13:38.793+00:00"/>
    <source value="#JE1pSryeOBG0VdGY"/>
    <profile value="http://hl7.org/fhir/us/vrdr/StructureDefinition/VRDR-Death-Date"/>
  </meta>
  <text>
    <status value="generated"/><div xmlns="http://www.w3.org/1999/xhtml"><p><b>Generated Narrative</b></p><p></p><p><b>code</b>: <span title="Codes: {http://loinc.org 81956-5}">Date+time of death</span></p><p><b>subject</b>: <a href="Patient-51b806c8-566f-463e-8783-9fbf6be8161d.html">Generated Summary: Social Beneficiary Identifier: 123456789; Example Something Middle Last (OFFICIAL), FirstNameAlias MiddleAlias LastNameAlias (NICKNAME); gender: male; birthDate: 1940-02-19; <span title="Codes: {http://terminology.hl7.org/CodeSystem/v3-MaritalStatus S}">Never Married</span></a></p><p><b>effective</b>: Feb 19, 2018, 9:48:06 PM</p><p><b>performer</b>: <a href="Practitioner-cb1219bc-785f-431c-9f56-b8fbbe78bc4d.html">Generated Summary: id: 2233445511; Doctor Middle Last (OFFICIAL)</a></p><p><b>value</b>: Feb 20, 2018, 9:48:06 PM</p><h3>Components</h3><table class="grid"><tr><td>-</td><td><b>Code</b></td><td><b>Value[x]</b></td></tr><tr><td>*</td><td><span title="Codes: {http://loinc.org 80616-6}">Date and time pronounced dead [US Standard Certificate of Death]</span></td><td>Feb 20, 2018, 9:48:06 PM</td></tr></table></div>
  </text>
  <status value="final"/>
  <code>
    <coding>
      <system value="http://loinc.org"/>
      <code value="81956-5"/>
      <display value="Date+time of death"/>
    </coding>
  </code>
  <subject>
    <reference value="Patient/51b806c8-566f-463e-8783-9fbf6be8161d"/>
  </subject>
  <effectiveDateTime value="2018-02-19T16:48:06-05:00"/>
  <performer>
    <reference value="Practitioner/cb1219bc-785f-431c-9f56-b8fbbe78bc4d"/>
  </performer>
  <valueDateTime value="2018-02-20T16:48:06-05:00"/>
  <component>
    <code>
      <coding>
        <system value="http://loinc.org"/>
        <code value="80616-6"/>
        <display value="Date and time pronounced dead [US Standard Certificate of Death]"/>
      </coding>
    </code>
    <valueDateTime value="2018-02-20T16:48:06-05:00"/>
  </component>
</Observation>