<?xml version="1.0" encoding="UTF-8"?>

<Observation xmlns="http://hl7.org/fhir">
  <id value="6606dd3a-49ba-47a9-a6e7-e7e4ebeddac7"/>
  <meta>
    <versionId value="4"/>
    <lastUpdated value="2020-07-21T01:00:48.877+00:00"/>
    <source value="#4GORZxL8MlgNS06O"/>
    <profile value="http://hl7.org/fhir/us/vrdr/StructureDefinition/VRDR-BirthRecordIdentifier"/>
  </meta>
  <text>
    <status value="generated"/><div xmlns="http://www.w3.org/1999/xhtml"><p><b>Generated Narrative</b></p><p></p><p><b>code</b>: <span title="Codes: {http://terminology.hl7.org/CodeSystem/v2-0203 BR}">Birth registry number</span></p><p><b>subject</b>: <a href="Patient-51b806c8-566f-463e-8783-9fbf6be8161d.html">Generated Summary: Social Beneficiary Identifier: 123456789; Example Something Middle Last (OFFICIAL), FirstNameAlias MiddleAlias LastNameAlias (NICKNAME); gender: male; birthDate: 1940-02-19; <span title="Codes: {http://terminology.hl7.org/CodeSystem/v3-MaritalStatus S}">Never Married</span></a></p><p><b>value</b>: 4242123</p></div>
  </text>
  <status value="final"/>
  <code>
    <coding>
      <system value="http://terminology.hl7.org/CodeSystem/v2-0203"/>
      <code value="BR"/>
      <display value="Birth registry number"/>
    </coding>
  </code>
  <subject>
    <reference value="Patient/51b806c8-566f-463e-8783-9fbf6be8161d"/>
  </subject>
  <valueString value="4242123"/>
</Observation>