<?xml version="1.0" encoding="UTF-8"?>

<Observation xmlns="http://hl7.org/fhir">
  <id value="df5a2807-e0b2-4971-9820-efdbbbfcef7b"/>
  <meta>
    <versionId value="2"/>
    <lastUpdated value="2020-08-13T15:20:48.039+00:00"/>
    <source value="#vIFk7iaTriXremhe"/>
    <profile value="http://hl7.org/fhir/us/vrdr/StructureDefinition/VRDR-Decedent-Age"/>
  </meta>
  <text>
    <status value="generated"/><div xmlns="http://www.w3.org/1999/xhtml"><p><b>Generated Narrative</b></p><p></p><p><b>code</b>: <span title="Codes: {http://loinc.org 30525-0}">Age</span></p><p><b>subject</b>: <a href="Patient-51b806c8-566f-463e-8783-9fbf6be8161d.html">Generated Summary: Social Beneficiary Identifier: 123456789; Example Something Middle Last (OFFICIAL), FirstNameAlias MiddleAlias LastNameAlias (NICKNAME); gender: male; birthDate: 1940-02-19; <span title="Codes: {http://terminology.hl7.org/CodeSystem/v3-MaritalStatus S}">Never Married</span></a></p><p><b>effective</b>: 2020-01-02</p><p><b>value</b>: 79 a</p></div>
  </text>
  <status value="final"/>
  <code>
    <coding>
      <system value="http://loinc.org"/>
      <code value="30525-0"/>
      <display value="Age"/>
    </coding>
  </code>
  <subject>
    <reference value="Patient/51b806c8-566f-463e-8783-9fbf6be8161d"/>
  </subject>
  <effectiveDateTime value="2020-01-02"/>
  <valueQuantity>
    <value value="79"/>
    <unit value="a"/>
  </valueQuantity>
</Observation>