<?xml version="1.0" encoding="UTF-8"?>

<Observation xmlns="http://hl7.org/fhir">
  <id value="d7c2e459-c7ca-415c-a38c-f78a0f0c5813"/>
  <meta>
    <versionId value="2"/>
    <lastUpdated value="2020-07-22T18:51:08.127+00:00"/>
    <source value="#hVmaJTwX1XDu5R6Q"/>
    <profile value="http://hl7.org/fhir/us/vrdr/StructureDefinition/VRDR-Manner-of-Death"/>
  </meta>
  <text>
    <status value="generated"/><div xmlns="http://www.w3.org/1999/xhtml"><p><b>Generated Narrative</b></p><p></p><p><b>code</b>: <span title="Codes: {http://loinc.org 69449-7}">Manner of death</span></p><p><b>subject</b>: <a href="Patient-51b806c8-566f-463e-8783-9fbf6be8161d.html">Generated Summary: Social Beneficiary Identifier: 123456789; Example Something Middle Last (OFFICIAL), FirstNameAlias MiddleAlias LastNameAlias (NICKNAME); gender: male; birthDate: 1940-02-19; <span title="Codes: {http://terminology.hl7.org/CodeSystem/v3-MaritalStatus S}">Never Married</span></a></p><p><b>performer</b>: <a href="Practitioner-cb1219bc-785f-431c-9f56-b8fbbe78bc4d.html">Generated Summary: id: 2233445511; Doctor Middle Last (OFFICIAL)</a></p><p><b>value</b>: <span title="Codes: {http://snomed.info/sct 7878000}">Accidental death</span></p></div>
  </text>
  <status value="final"/>
  <code>
    <coding>
      <system value="http://loinc.org"/>
      <code value="69449-7"/>
      <display value="Manner of death"/>
    </coding>
  </code>
  <subject>
    <reference value="Patient/51b806c8-566f-463e-8783-9fbf6be8161d"/>
  </subject>
  <performer>
    <reference value="Practitioner/cb1219bc-785f-431c-9f56-b8fbbe78bc4d"/>
  </performer>
  <valueCodeableConcept>
    <coding>
      <system value="http://snomed.info/sct"/>
      <code value="7878000"/>
      <display value="Accidental death"/>
    </coding>
  </valueCodeableConcept>
</Observation>