<?xml version="1.0" encoding="UTF-8"?>

<Organization xmlns="http://hl7.org/fhir">
  <id value="1a110397-936f-4be4-ab10-2caed226569d"/>
  <meta>
    <versionId value="2"/>
    <lastUpdated value="2020-07-21T20:13:30.256+00:00"/>
    <source value="#WNc8XRJBmrGtNJO7"/>
    <profile value="http://hl7.org/fhir/us/vrdr/StructureDefinition/VRDR-Interested-Party"/>
  </meta>
  <text>
    <status value="generated"/><div xmlns="http://www.w3.org/1999/xhtml"><p><b>Generated Narrative</b></p><p><b>identifier</b>: id: 1010101</p><p><b>active</b>: true</p><p><b>type</b>: <span title="Codes: {http://terminology.hl7.org/CodeSystem/organization-type prov}">Healthcare Provider</span></p><p><b>name</b>: Example Hospital</p><p><b>address</b>: 10 Example Street Line 2 Bedford MA 01730 United States </p></div>
  </text>
  <identifier>
    <system value="http://hl7.org/fhir/sid/us-npi"/>
    <value value="1010101"/>
  </identifier>
  <active value="true"/>
  <type>
    <coding>
      <system value="http://terminology.hl7.org/CodeSystem/organization-type"/>
      <code value="prov"/>
      <display value="Healthcare Provider"/>
    </coding>
  </type>
  <name value="Example Hospital"/>
  <address>
    <line value="10 Example Street"/>
    <line value="Line 2"/>
    <city value="Bedford"/>
    <district value="Middlesex"/>
    <state value="MA"/>
    <postalCode value="01730"/>
    <country value="United States"/>
  </address>
</Organization>