<?xml version="1.0" encoding="UTF-8"?>

<Practitioner xmlns="http://hl7.org/fhir">
  <id value="9102c234-53ca-4066-8452-42f3ba751c7d"/>
  <meta>
    <versionId value="1"/>
    <lastUpdated value="2020-07-25T23:44:52.912+00:00"/>
    <source value="#lSYCtKrCXgjr2pRs"/>
    <profile value="http://hl7.org/fhir/us/vrdr/StructureDefinition/VRDR-Death-Pronouncement-Performer"/>
  </meta>
  <text>
    <status value="generated"/><div xmlns="http://www.w3.org/1999/xhtml"><p><b>Generated Narrative</b></p><p><b>identifier</b>: id: 1122334455</p><p><b>name</b>: Doctor Middle Last (OFFICIAL)</p></div>
  </text>
  <identifier>
    <system value="http://hl7.org/fhir/sid/us-npi"/>
    <value value="1122334455"/>
  </identifier>
  <name>
    <use value="official"/>
    <family value="Last"/>
    <given value="Doctor"/>
    <given value="Middle"/>
    <suffix value="Jr."/>
  </name>
</Practitioner>