<?xml version="1.0" encoding="UTF-8"?>

<PractitionerRole xmlns="http://hl7.org/fhir">
  <id value="4b96759f-8395-4093-8417-e1ca3cd26f0a"/>
  <meta>
    <versionId value="1"/>
    <lastUpdated value="2020-07-22T13:45:13.457+00:00"/>
    <source value="#6trg7JpciR7u5T8N"/>
    <profile value="http://hl7.org/fhir/us/vrdr/StructureDefinition/VRDR-Funeral-Service-Licensee"/>
  </meta>
  <text>
    <status value="generated"/><div xmlns="http://www.w3.org/1999/xhtml"><p><b>Generated Narrative</b></p><p><b>practitioner</b>: <a href="Practitioner-80db6f45-8a6d-4583-8a03-55a6663523c2.html">Generated Summary: id: 1122334455; FD Middle Last (OFFICIAL)</a></p><p><b>organization</b>: <a href="Organization-6f47da13-0c25-483b-8729-7b96716b17fc.html">Generated Summary: active; <span title="Codes: {http://terminology.hl7.org/CodeSystem/organization-type bus}">Non-Healthcare Business or Corporation</span>; name: Smith Funeral Home</a></p><p><b>telecom</b>: ph: 716-873-1557</p></div>
  </text>
  <practitioner>
    <reference value="Practitioner/80db6f45-8a6d-4583-8a03-55a6663523c2"/>
  </practitioner>
  <organization>
    <reference value="Organization/6f47da13-0c25-483b-8729-7b96716b17fc"/>
  </organization>
  <telecom>
    <system value="phone"/>
    <value value="716-873-1557"/>
  </telecom>
</PractitionerRole>