{
  "resourceType": "RelatedPerson",
  "id": "89ababc6-8c2a-4e76-9f53-8677822f54a9",
  "meta": {
    "versionId": "1",
    "lastUpdated": "2020-07-22T05:49:29.537+00:00",
    "source": "#Ig5XrcHuNGzpbSuz",
    "profile": [
      "http://hl7.org/fhir/us/vrdr/StructureDefinition/VRDR-Decedent-Mother"
    ]
  },
  "text": {
    "status": "generated",
    "div": "<div xmlns=\"http://www.w3.org/1999/xhtml\"><p><b>Generated Narrative</b></p><p><b>patient</b>: <a href=\"Patient-51b806c8-566f-463e-8783-9fbf6be8161d.html\">Generated Summary: Social Beneficiary Identifier: 123456789; Example Something Middle Last (OFFICIAL), FirstNameAlias MiddleAlias LastNameAlias (NICKNAME); gender: male; birthDate: 1940-02-19; <span title=\"Codes: {http://terminology.hl7.org/CodeSystem/v3-MaritalStatus S}\">Never Married</span></a></p><p><b>relationship</b>: <span title=\"Codes: {http://terminology.hl7.org/CodeSystem/v3-RoleCode MTH}\">mother</span></p><p><b>name</b>: Mother Middle Maiden </p></div>"
  },
  "patient": {
    "reference": "Patient/51b806c8-566f-463e-8783-9fbf6be8161d"
  },
  "relationship": [
    {
      "coding": [
        {
          "system": "http://terminology.hl7.org/CodeSystem/v3-RoleCode",
          "code": "MTH",
          "display": "mother"
        }
      ]
    }
  ],
  "name": [
    {
      "family": "Maiden",
      "given": [
        "Mother",
        "Middle"
      ],
      "suffix": [
        "Dr."
      ]
    }
  ]
}